{"_wandb":{"runtime":21741},"_timestamp":1.7272657147951238e+09,"_runtime":21741.088242,"_step":36815,"train_loss":3.5254883766174316,"learning_rate":4.96976241900648e-05}