{"_timestamp":1.72724372349478e+09,"_runtime":411.9214414,"_step":623,"_wandb":{"runtime":411},"train_loss":8.929429054260254,"learning_rate":8.423326133909287e-07}