{"train_loss":9.160714149475098,"learning_rate":2.1593608291945584e-07,"_timestamp":1.7272439480823457e+09,"_runtime":207.5337541,"_step":39,"_wandb":{"runtime":207}}