{"_step":4979,"_wandb":{"runtime":9179},"train_loss":3.1616697311401367,"learning_rate":1.3442021161736127e-05,"_timestamp":1.7272381828370523e+09,"_runtime":9179.4006289}